"レンダリングサイズ (現在:10%)","Rendering size (Now:10%)"
"レンダリングサイズ (現在:20%)","Rendering size (Now:20%)"
"レンダリングサイズ (現在:30%)","Rendering size (Now:30%)"
"レンダリングサイズ (現在:40%)","Rendering size (Now:40%)"
"レンダリングサイズ (現在:50%)","Rendering size (Now:50%)"
"レンダリングサイズ (現在:60%)","Rendering size (Now:60%)"
"レンダリングサイズ (現在:70%)","Rendering size (Now:70%)"
"レンダリングサイズ (現在:80%)","Rendering size (Now:80%)"
"レンダリングサイズ (現在:90%)","Rendering size (Now:90%)"
"レンダリングサイズ (現在:100%)","Rendering size (Now:100%)"
"レンダリングサイズ (現在:150%)","Rendering size (Now:150%)"
"レンダリングサイズ (現在:200%)","Rendering size (Now:200%)"
"レンダリングサイズ (現在:300%)","Rendering size (Now:300%)"
"スレッド数を切り替え (現在 自動検知)","Switch number of threads (Now Auto-detect)"
"スレッド数を切り替え (現在 定値：1)","Switch number of threads (Now 1)"
"スレッド数を切り替え (現在 定値：2)","Switch number of threads (Now 2)"
"スレッド数を切り替え (現在 定値：3)","Switch number of threads (Now 3)"
"スレッド数を切り替え (現在 定値：4)","Switch number of threads (Now 4)"
"スレッド数を切り替え (現在 定値：5)","Switch number of threads (Now 5)"
"スレッド数を切り替え (現在 定値：6)","Switch number of threads (Now 6)"
"スレッド数を切り替え (現在 定値：7)","Switch number of threads (Now 7)"
"スレッド数を切り替え (現在 定値：8)","Switch number of threads (Now 8)"
"X軸","X axis"
"Y軸","Y axis"
"Z軸","Z axis
"Xへ","To X"
"Yへ","To Y"
"Zへ","To Z"
"Rendering → view","Rendering => View"
"色","Color"
"幅","Width"
"左","Left"
"右","Right"
"上","Up"
"下","Down"
"「","「"
"←","Left"
"↓","Down"
"→","Right"
"↑","Up"
"面","Face"
"辺","Edge"
"線","Line"
"形","Shape"
"円","Circle"
"球","Sphere"
"軸","Axis"
"子","Child"
"親","Parent"
"後","Back"
"前","Front"
"文字追加","New text"
"位置コピー","Copy location"
"回転コピー","Copy rotation"
"拡縮コピー","Copy scale"
"表示","View"
"隠す","Hide"
"のみ表示","Only view"
"のみ隠す","Only hide"
"展開/閉じる","Expand / Close"
"横幅","Width"
"縦幅","Height"
"名前","Name"
"並べる","Tile"
"右上","Top right"
"右下","Down right"
"左下","Down left"
"左上","Top left"
"ポーズ有効/無効","Enable/Disable pose"
"Pauseキー","Pause key"
"ポーズの有効/無効を切り替え","Enable/Disable pose"
"アーマチュアのポーズ位置/レスト位置を切り替えます","Toggles pose/rest position of armature"
"ポーズ無効","Pose disabled"
"ポーズ有効","Pose enabled"
"ポーズ位置を切り替え (現在：レスト位置)","Pose position switch (rest position)"
"ポーズ位置を切り替え (現在：ポーズ位置)","Pose position switch (pose position)"
"ポーズライブラリを並び替え","Pose library sort"
"アクティブなポーズライブラリのポーズを並び替えます","Sorts by posing for an active pose library"
"ポーズライブラリのポーズを最上部/最下部へ","To top/bottom pose of library"
"アクティブなポーズライブラリのポーズを最上部、もしくは最下部へ移動させます","Active pose of pose library moves to top/bottom"
"ポーズ","Pose"
"現ポーズを回転制限に","Now pose to rotation limit"
"ポーズの回転をリセット","Reset pose rotation"
"名前を同期","Name sync"
"Aキー","A key"
"Bキー","B key"
"Cキー","C key"
"Dキー","D key"
"Eキー","E key"
"Fキー","F key"
"Gキー","G key"
"Hキー","H key"
"Iキー","I key"
"Jキー","J key"
"Kキー","K key"
"Lキー","L key"
"Mキー","M key"
"Nキー","N key"
"Oキー","O key"
"Pキー","P key"
"Qキー","Q key"
"Rキー","R key"
"Sキー","S key"
"Tキー","T key"
"Uキー","U key"
"Vキー","V key"
"Wキー","W key"
"Xキー","X key"
"Yキー","Y key"
"Zキー","Z key"
"画像編集ソフトのパス 1","Path of image-editing software 1"
"画像編集ソフトのパス 2","Path of image-editing software 2"
"画像編集ソフトのパス 3","Path of image-editing software 3"
"テキスト編集ソフトのパス 1","Path text-editing software 1"
"テキスト編集ソフトのパス 2","Path text-editing software 2"
"テキスト編集ソフトのパス 3","Path text-editing software 3"
"Xを反転","X invert"
"Yを反転","Y invert"
"Zを反転","Z invert"
"位置","Location"
"回転","Rotation"
"拡大/縮小","Scale"
"ブーリアン追加 (交差)","Boolean Add (Intersect)"
"ブーリアン追加 (統合)","Boolean Add (Union)"
"ブーリアン追加 (差分)","Boolean Add (Difference)"
"ブーリアン適用 (交差)","Boolean apply (Intersect)"
"ブーリアン適用 (統合)","Boolean apply (Union)"
"ブーリアン適用 (差分)","Boolean apply (Difference)"
"全適用","Apply all"
"全削除","Delete all"
"使用同期","Use sync"
"上へ","To up"
"最上部へ","To top"
"最下部へ","To bottom"
"正規化","Normalize"
"<b>【 ","<b>【 "
" 】</b><br><br>"," 】</b><br><br>"
")　",") "
"(常に)　","(Always) "
"」メニューの呼び出し","」Call menu"
"」を「","」to「"
"」に変更","」To change"
"」の切り替え","」switch"
"」と「","」And「"
"」に切り替え","」To switch"
"マテリアル「","Material 「"
"メッシュ「","Mesh 「"
"剛体","RigidBody"
"全表示","Show all"
"無所属","Non-Group"
"追加項目のオン/オフ","On/Off additional items"
"選択範囲","Selection range"
"X軸の制限","X axis Limit"
"Y軸の制限","Y axis Limit"
"Z軸の制限","Z axis Limit"
"面あり","Face only"
"辺のみ","Edge only"
"頂点すら無し","Without even vertex"
"十字","Cross"
"矢印","Arrow"
"立方体","Cube"
"円錐","Cone"
"ボーン名の XXX.R => 右XXX を相互変換","Bone names XXX.R => 右XXX"
"ボーン名の XXX.R => 右XXX を相互変換します","Bone names XXX.R => 右XXX"
"XXX.R => 右XXX","XXX.R => 右XXX"
"^右","^右"
"^左","^左"
"X.001 のように番号の付いた名前のボーンを選択します","Select bones with number names (example x.001)"
"X X.001 X.002 などのボーン名を同じ名前とみなして選択します","Select bones same names (example X X.001 X.002)"
"塗り潰す","Paint out"
"\\(バックスラッシュ)","\\(BackSlash)"
"テンキー2","Numpad 2"
"テンキー4","Numpad 4"
"テンキー6","Numpad 6"
"テンキー8","Numpad 8"
"テンキー1","Numpad 1"
"テンキー3","Numpad 3"
"テンキー5","Numpad 5"
"テンキー7","Numpad 7"
"テンキー9","Numpad 9"
"テンキーピリオド","Numpad period"
"テンキースラッシュ","Numpad slash"
"テンキー＊","Numpad *"
"テンキー0","Numpad 0"
"テンキーマイナス","Numpad minus"
"テンキーエンター","Numpad enter"
"テンキー＋","Numpad +"
"マウス4ボタン","Mouse button 4"
"マウス5ボタン","Mouse button 5"
"マウス6ボタン","Mouse button 6"
"マウス7ボタン","Mouse button 7"
"X軸の設定","X axis setting"
"Y軸の設定","Y axis setting"
"Z軸の設定","Z axis setting"
"空UV","Empty UV"
"解像度","Resolution"
"先頭","Top"
"末尾","End"
"中心","Center"
"-(マイナス)","-(Minus)"
"+(プラス)","+(Plus)"
"解像度 X","Resolution X"
"解像度 Y","Resolution Y"
"布(クロス)","Cloth"
"ソフトボディ","Soft body"
"流体","Fluid"
"ダイナミックペイント","Dynamic paint"
"細分化 + 1","subdivision + 1"
"細分化 - 1","Subdivision - 1"
"細分化 = 0","Subdivision = 0"
"細分化 = 1","Subdivision = 1"
"細分化 = 2","Subdivision = 2"
"細分化 = 3","Subdivision = 3"
"パイメニュー","Pie menu"
"選択物へ","To select"
"視点のセーブ","Save view"
"現在の3Dビューの視点をセーブします","Save current 3D view perspective"
"視点セーブデータ","View save data"
"視点の読み込みに失敗しました、セーブデータをリセットします","Failed load view, reseted save data"
"視点のロード","Load view"
"現在の3Dビューに視点をロードします","Load to current 3D view perspective"
"視点セーブデータ名","View save data name"
"セーブデータが存在しませんでした","Save data does not exist"
"視点セーブを破棄","Delete view save"
"全ての視点セーブデータを削除します","Removes all view save data"
"視点セーブをロード","Load view save data"
"無効なメニュー","Invalid menu"
"「追加項目のオン/オフ」の非表示",""On/Off additional items" hidden"
"視点のセーブデータ","View save data"
"XMLキーコンフィグのパス","XML config path"
"ScrambleAddonによる追加メニューを有効/無効に切り替えます","Extra menu of ScrambleAddon toggle Enable/Disable"
"剛性","Stiffness"
"制限","Limit"
"最小","Minimum"
"最大","Maximum"
"反転","Invert"
"演算","Calculate"
"交差","Intersect"
"統合","Union"
"差分","Difference"
"下へ","To Down"
"方向","Direction"
"回数","Count"
"高さ","Height"
"中央","Center"
"変形","Transform"
"塗る","Paint"
"脱色","Decolorization"
"編集","Edit"
"複製","Copy"
"画像","Image"
"乗算","Multiplication"
"情報","Info"
"透過","Alpha"
"左へ","To left"
"追加","Add"
"頂点","Vertex"
"接続","Connection"
"結合","Combine"
"投影","Projection"
"方式","Method"
"強度","Strength"
"密度","Density"
"半径","Radius"
"距離","Distance"
"加算","Add"
"減算","Sub"
"置換","Replace"
"全て","All"
"対象","Target"
"根本","Root"
"兄弟","Brother"
"パス","Path"
"ロック","Lock"
"分割数","Number of divisions"
"頂点色","Vertex color"
"横位置","Horizontal position"
"縦位置","Vertical position"
"上書き","Override"
"ノイズ","Noise"
"カラー","Color"
"再起動","Restart"
"ブラシ","Brush"
"カメラ","Camera"
"カーブ","Curve"
"ランプ","Lamp"
"マスク","Mask"
"シーン","Scene"
"ボーン","Bone"
"置換前","Before replace"
"置換後","After replace"
"互換性","Compatibility"
"低品質","Low quality"
"中品質","Normal quality"
"を隔離","Isolate"
"絶対値","Absolute value"
"相対値","Relative value"
"その他","Other"
"座標軸","Axis"
"モード","Mode"
"X移動","X move"
"Y移動","Y move"
"Z移動","Z move"
"X回転","X rotation"
"Y回転","Y rotation"
"Z回転","Z rotation"
"静止画","Image"
"ロール","Roll"
"有効化","Enable"
"選択物","Selected"
"コピー","Copy"
"サイズ","Size"
"線の色","Line color"
"輪郭線","Line"
"頂点数","Number of vertices"
"Z角度","Z angle"
"ひし形","Rhombus"
"タイプ","Type"
"半選択","Half select"
"追加文字","Add text"
"左右反転","Invert Mirror Name"
"ソース軸","Source axis"
"設定方法","How to set up"
"シンプル","Simple"
"頂点結合","Combine vertices"
"UV操作","UV operations"
"しきい値","Threshold"
"埋める色","Fill color"
"ぼかし量","Blur strength"
"水平反転","Flip horizontally"
"垂直反転","Flip vertically"
"並べる数","Number of tile"
"アルファ","Alpha"
"フォント","Font"
"グループ","Group"
"ラティス","Lattice"
"メッシュ","Mesh"
"パレット","Palette"
"サウンド","Sound"
"テキスト","Text"
"ワールド","World"
"ソリッド","Solid"
"ワイヤー","Wire"
"バウンド","Bound"
"ミックス","Mix"
"最高品質","High quality"
"物理演算","Physical"
"頂点のみ","Only vertex"
"スロット","Slot"
"一番上へ","To top"
"一番下へ","To bottom"
"最上段へ","To top"
"最下段へ","To bottom"
"制限反転","Limit reverse"
"マージン","Margin"
" で開く","  open"
"フレーム","Frame"
"ヘッダー","Header"
"マーカー","Marker"
"画像全般","Images general"
"クリップ","Clip"
"左ALT","Left ALT"
"右ALT","Right ALT"
"OSキー","OS key"
"入力キー","Input keys"
"リセット","Reset"
"元を削除","Remove original"
"ボーン名","Bone name"
"尾を移動","Move tail"
"非選択部","Non-select parts"
"結合距離","Combine distance"
"レイヤー","Layer"
"表示設定","Display setting"
"最近接面","Recently face"
"の輪郭線","lines"
"移動位置","Move location"
"選択制限","Select limit"
"親子関係","Parent/Child relation"
"特殊処理","Special processing"
"回転制限","Rotation limit"
"剛体基点","Rigid origin"
"直接の子","Immediate children"
"ローカル","Local"
"レンダー","Render"
"選択拡張","Select extension"
"追加選択","Select additional"
"ストレッチ","Stretch"
"ミラー除く","Except mirror"
"最適化表示","Optimized view"
"細分化方法","Subdivision method"
"変形する軸","Axis deformation"
"カーブ関係","Curve"
"全リネーム","Rename all"
"ビュー表示","View"
"タブ > ","Tab > "
"UVマップ","UV maps"
"過去のUV","Past UV"
"新しいUV","New UV"
"UVを移動","Move UV"
"頂点カラー","Vertex color"
"塗り潰す色","Fill color"
"90°回転","Rotate 90 degrees"
"比率を維持","Keep ratio"
"画像の複製","Copy image"
"効果の強さ","Strength"
"画像を脱色","Decolorization"
"サイズ変更","Change size"
"フィルター","Filter"
"アクション","Action"
"ライブラリ","Library"
"マテリアル","Material"
"メタボール","Metaballs"
"スクリーン","Screen"
"スクリプト","Script"
"スピーカー","Speaker"
"テクスチャ","Texture"
"先頭に追加","Add top"
"末尾に追加","Add end"
"ログを表示","Show log"
"オンにする","On"
"エンプティ","Empty"
"描画タイプ","Drawing type"
"オフにする","Off"
"ブレンド色","Blend color"
"オン/オフ","On/Off"
"オリジナル","Original"
"バンプ品質","Bump quality"
"ソース削除","Delete source"
"スレッド数","Number of threads"
"設定モード","Setting mode"
"AOを使用","Use AO"
"プロパティ","Property"
"3Dビュー","3D view"
"アニメ関係","Anime"
"レントゲン","X-ray"
"制限初期化","Limit clear"
"画像を確認","Show image"
"切り詰める","Cut"
"ウィンドウ","Window"
"2Dビュー","2D view"
"面のマスク","Face mask"
"スカルプト","Sculpt"
"マスク編集","Mask edit"
"ノード全般","Node general"
"NLA全般","NLA general"
"コンソール","Console"
"有効エリア","Effective area"
"左クリック","Left click"
"右クリック","Right click"
"マウス移動","Mouse movement"
"左CTRL","Left Ctrl"
"右CTRL","Right Ctrl"
"Escキー","Esc key"
"Tabキー","Tab key"
"Endキー","End key"
"セグメント","Segment"
"イーズイン","Ease in"
"最近接頂点","Nearest vertex"
"オフセット","Offset"
"クロス設定","Cloth setting"
"対話モード","Interactive mode"
"レベル:2","Level: 2"
"レベル:6","Level: 6"
"レベル:0","Level: 0"
"レベル:4","Level: 4"
"レベル:3","Level: 3"
"レベル:5","Level: 5"
"レベル:1","Level: 1"
"選択不可に","Set unselect"
"減衰：移動","Damping: Move"
"減衰：回転","Damping: Rotate"
"制限の反転","Reverse limit"
"選択モード","Select mode"
"サーフェス","Surface"
"選択タイプ","Select type"
"同じタイプ","Same type"
"より大きい","Bigger than"
"より小さい","Smaller than"
"マウス位置","Mouse position"
"名前が対称","Mirror name"
"グローバル","Global"
"半選択解除","Half-Unselect"
"ズームする","Zoom"
"グループ名","Group name"
"制限角を反転","Invert angle limit"
"軸設定コピー","Axis config copy"
"UVを細分化","Subdivide UV"
"新しいUV名","New UV name"
"UV名を変更","Rename UV"
"頂点色を移動","Move vertex color"
"頂点カラー名","Vertex color name"
"拡張子も含む","Include extension"
"画像の正規化","Normalize image"
"180°回転","Rotate 180 degrees"
"270°回転","Rotate 270 degrees"
"使用する番号","Number of use"
"画像ファイル","Image file"
"画像を並べる","Tile image"
"UVグリッド","UV grid"
"アーマチュア","Armature"
"オブジェクト","Object"
"パーティクル","Particle"
"シェイプキー","Shape key"
"頂点グループ","Vertex group"
"リネーム設定","Renaming setting"
"サーフェイス","Surface"
"ブレンド強度","Blend strength"
"半径(大体)","Radius (roughly)"
"視点に揃える","Align view"
"有効しきい値","Enabled threshold"
"細分化レベル","Level of Subsurf"
"開始フレーム","Start frame"
"最終フレーム","End frame"
"ドープシート","Dope sheet"
"タイムライン","Timeline"
"ユーザー設定","User setting"
"エリアタイプ","Area type"
"最上段を選択","Select top"
"最下段を選択","Select bottom"
"一番上を選択","Select top"
"一番下を選択","Select bottom"
"汎用で初期化","Initialize Generic"
"画像ペイント","Image paint"
"頂点ペイント","Vertex paint"
"テキスト全般","Text general"
"シーケンサー","Sequencer"
"左SHIFT","Left Shift"
"右SHIFT","Right Shift"
"エンターキー","Enter key"
",(コンマ)",", (Comma)"
"Homeキー","Home key"
"イーズアウト","Ease out"
"投影(2D)","Projection (2D)"
"クリッピング","Clipping"
"一番上に追加","Add top"
"ミックス強度","Mix strength"
"マテリアルで","To material"
"変形をリンク","Link transform"
"全体的に削除","Delete all"
"ウェイト転送","Weight transfer"
"メタボール名","Metaball name"
"ボーンの長さ","Bone length"
"輪郭線の厚さ","Thickness of lines"
"色を設定する","Set color"
"ベベルを複製","Copy bevel"
"2Dカーブに","To 2D curve"
"塗り潰し方法","Fill method"
"繰り返し回数","Repeat count"
"全てをぼかし","Blur all"
"ローカル空間","Local space"
"減衰トラック","Damp track"
"右半分を選択","Select right half"
"ランプタイプ","Lamp type"
"コピー元UV","Source UV"
"レイヤー番号","Layer number"
"視点を原点に","Viewpoint at origin"
"ズームしない","No zoom"
"視点変更方法","How to change view"
"コピーする設定","Copy setting"
"サブサーフ除く","Except Subsurf"
"ビューの分割数","Number of view"
"サブサーフ関係","Subsurf"
"ブーリアン関係","Boolean"
"全レイヤー表示","Show all layers"
"メッシュデータ","Mesh data"
"削除するUV名","Remove UV name"
"頂点カラー操作","Vertex color operation"
"指定色で上書き","Override color"
"モノクロノイズ","Black and White noise"
"アルファノイズ","Alpha noise"
"ラインスタイル","Line style"
"ノードグループ","Node groups"
"モディファイア","Modifier"
"ブレンドモード","Blend mode"
"開始オフセット","Start offset"
"四角ポリゴン球","Square polygon sphere"
"AOサンプル数","AO samples"
"アウトライナー","Outliner"
"バウンドタイプ","Bound type"
"最高描画タイプ","Maximum Draw Type"
"アニメーション","Animation"
"スクリーン編集","Screen edit"
"3Dビュー全般","3D view general"
"ペイントカーブ","Paint curve"
"ジェスチャ境界","Gesture boundary"
"ジェスチャ直線","Gesture lines"
"UVエディター","UV Editor"
"UVスカルプト","UV sculpt"
"ホイールアップ","Wheel up"
"ホイールダウン","Wheel down"
"Spaceキー","Space key"
".(ピリオド)",". (Period)"
"移動先カテゴリ","Move category"
"位置のしきい値","Position of threshold"
"X軸ミラー編集","X axis mirror edit"
"頂点のみを隠す","Hide only vertex"
"最近接表面の点","closest surface point"
"オブジェクト名","Object name"
"サブサーフ設定","Subsurf setting"
"確認せずに削除","Delete without confirmation"
"アーマチュア名","Armature name"
"ふちに面を張る","Fill face to edge"
"全オブジェクト","All objects"
"頂点(三角形)","Vertex (triangle)"
"カーブの解像度","Resolution of curve"
"...等の合成","... Such as combine"
"アクティブのみ","Active only"
"ウェイトの位置","Position of weight"
"物理演算を設定","Set rigid body"
"シェイプサイズ","Shape size"
"IKの回転制限","IK rotation limit"
"大きい物を選択","Select big"
"小さい物を選択","Select small"
"シェーディング","Shading"
"ボーンレイヤー","Bone layer"
"クリップボードへ","To Clipboard"
"IK設定をコピー","Copy IK setting"
"ベベル指定コピー","Copy bevel object"
"アーマチュア除く","Except armature"
"ブーリアンを追加","Add Boolean"
"ブーリアンを適用","Apply Boolean"
"最適化表示を設定","Set optimization"
"カトマルクラーク","Catmulclark"
"レンダーの分割数","Number of render"
"アーマチュア関係","Armature"
" を削除しました"," Removed"
"頂点色を塗り潰す","Fill vertex color"
"キーを1つは残す","Except one key"
"指定色で塗り潰す","Fill with color"
"新しいファイル名","New file name"
"画像の拡大/縮小","Image zoom in/out"
"画像の高速ぼかし","Fast image blurring"
"画像のサイズ変更","Change size of image"
"ぼかし (高速)","Blur (high speed)"
"ぼかし (低速)","Blur (slow)"
" を保存しました"," saved"
"グリースペンシル","Grease pencil"
"ムービークリップ","Movie clip"
"コンストレイント","Constraints"
"選択オブジェのみ","Selected object only"
"設定値が不正です","Invalid setting value"
"レンダーの簡略化","Simplification of render"
"レンダースロット","Render slots"
"フレームステップ","Frame step"
" (現在 定値："," (Current constant value:"
"エディタータイプ","Editor type"
"ノードエディター","Node editor"
"NLAエディター","NLA Editor"
"グラフエディター","Graph Editor"
"裏側を透明にする","Set transparent face back"
"データ名をコピー","Copy data name"
"表示設定をコピー","Copy display setting"
"ワイヤーフレーム","Wire frame"
"すべての辺を表示","Show all edges"
"剛体設定をコピー","Copy rigid body setting"
"反転する移動制限","Invert move limit"
"反転する回転制限","Invert rotate limit"
"汎用ばねで初期化","Initialize Generic Spring"
"ここより下を削除","Delete below here"
"キーバインド検索","Search key bind"
"(変更しないで)","(Do not change)"
"ウェイトペイント","Weight paint"
"NLAチャンネル","NLA channel"
"シーケンサー共通","Sequencer-common"
"ホイールクリック","Click wheel"
"境界のマウス移動","Mouse moving border"
"Deleteキー","Delete key"
"Insertキー","Insert key"
"PageUpキー","PageUp key"
"オブジェクト名も","And object name"
"非選択も含め全て","Include non-select"
"ストレッチの設定","Stretch setting"
"「面」選択モード","Face select mode"
"「辺」選択モード","edge select mode"
"表示/隠すを反転","Invert Show/Hide"
"レイヤーを同じに","Set same layer"
"バウンドのタイプ","Bound type"
"トランスフォーム","Transform"
"ソフトボディ設定","SoftBody setting"
"パーティクル編集","Particle Edit"
"位置と回転と拡縮","Location & Rotation & Scale"
"面内の最近接頂点","In-Face nearest vertex"
"メタボールサイズ","Metaball size"
"メタボール解像度","Metaball resolution"
"辺部分のボーン名","Bone name of edge parts"
"レンダリング制限","Rendering limit"
"根本を元の位置に","Reset root"
"シェイプの細分化","Shape subsurf"
"同じサイズも選択","Select same size"
"キーイングセット","Keying set"
"サブサーフレベル","Subsurf level"
"小さなものを選択","Select small"
"大きなものを選択","Select big"
"プリセットビュー","Preset view"
"ビューの反対側に","Invert view"
"面を正面から見る","View front"
"追加クイック編集","Add Quick Edit"
"ボーン名を左右反転","Mirror bone name"
"最小/最大角を反転","Invert minimum/maximum angle"
"テーパー指定コピー","Copy taper object"
"クイックカーブ変形","Quick curve transform"
"モディファイア適用","Apply modifiers"
"モディファイア操作","Modifier actions"
"直前のレイヤー情報","Last layer information"
"全レイヤー表示解除","Unshow all layers"
"リネームするUV名","rename UV name"
"UVが存在しません","No UV"
"未使用のUVを削除","Remove unused UV"
"UV関係の操作です","UV operations"
"透明部分を塗り潰し","Fill transparent"
"透明部分を塗り潰す","Fill transparent"
"新規画像 (拡張)","New images (Extra)"
"データ名をリネーム","Rename data name"
"全てのオブジェクト","All objects"
"解像度の倍率を設定","Set multi of resolution"
"使用シェーディング","Used shading"
"プレビュー値に同期","Sync preview value"
"テキストエディター","Text editor"
"ロジックエディター","Logic Editor"
"ファイルブラウザー","File browser"
"スロットを一番上へ","Slot to top"
"スロットを一番下へ","Slot to bottom"
"シェイプキーを複製","Duplicate shape key"
"削除する名前の一部","Part of name deleteing"
"テクスチャスペース","Texture space"
"オブジェクトカラー","Object color"
"初期化する移動制限","Clear move limit"
"初期化する回転制限","Clear rotate limit"
"最後までスクロール","Scroll end"
"オブジェクトモード","Object mode"
"標準モーダルマップ","Common modal map"
"クリップエディター","Clip Editor"
"Altを修飾キーに","Alt key is modifier"
"置換前(正規表現)","Before replace (regular expressions)"
"「頂点」選択モード","Vertex select mode"
"メッシュ選択モード","Mesh selection mode"
"頂点グループミラー","Vertex group mirror"
"テクスチャUミラー","Texture U mirror"
"テクスチャVミラー","Texture V mirror"
"アーマチュアの動き","Movement of armature"
"テクスチャペイント","Texture paint"
"最高描画タイプ設定","Setting maximum Drawing Type"
"などを削除しました"," such as deleted"
"頂点グループの転送","Transfer vertex group"
"法線に合わせて回転","Rotate from normal"
"辺にもボーンを追加","Add bones to edge"
"頂点部分のボーン名","Bone name at vertex"
"レンダリングしない","No render"
"選択物の選択を制限","Limit select"
"ランダムな色を使う","Use random colors"
"ウェイト同士の合成","Combine weights"
"新頂点グループ作成","Create new vertex group"
"ウェイト同士の減算","Subtraction weights"
"頂点グループぼかし","Vertex group blur"
"アクティブをぼかし","Blur active"
"アーマチュアを隠す","Hide armature"
"エンプティの大きさ","Empty size"
"X=0の頂点を選択","Select vertex X=0"
"より大きい物を選択","Select bigger"
"より小さい物を選択","Select smaller"
"同アーマチュア変形","Same armature transform"
"ボーンの経路を選択","Select path of bones"
"他のUVからコピー","Copy from other UV"
"透視投影/平行投影","Perspective/Parallel"
"選択+視点の中心に","Select and Set view center"
"グループでレイヤー","Layers by Groups"
"このIK設定をコピー","Copy IK setting"
"ボーンの変形をコピー","Copy bone transform"
"全モディファイア適用","Apply all modifiers"
"全モディファイア削除","Remove all modifiers"
"「体積を維持」を使用","Use preserve volume"
"カーブ関係の操作です","Curve operators"
"頂点色が存在しません","Vertex color not exist"
"頂点カラーを一括追加","Altogether add vertex colors"
"画像ファイル名を変更","Change name of image file"
"画像が見つかりません","Image not found"
"ノイズ画像を新規作成","Create new noise image"
"32ビットFloat","32-bit Float"
"UVをメッシュに変換","Convert UV to mesh"
"UVが見つかりません","UV cannot be found"
"ショートカット登録用","by Shortcuts"
"確認せずに上書き保存","Save without confirm"
"オブジェクトのタイプ","Object type"
"選択オブジェクトのみ","Selected object only"
"スレッド数を切り替え","Switch thread numver"
"ファイルフォーマット","File format"
"アンチエイリアス使用","Use anti-aliasing"
" (現在 自動検知)"," (Now auto-sensing)"
"UV/画像エディター","UV/Image editor"
"エディタータイプ変更","Change editor type"
"ベイク用の画像を作成","Add image for bake"
"Blenderを終了","Quit Blender"
"外部エディターで編集","Edit with external editor"
"プロパティエディター","Property editor"
"ジェスチャ境界ズーム","Zoom gesture border"
"グラフエディター全般","Graph general"
"PageDownキー","PageDown key"
"Ctrlを修飾キーに","Set Ctrl modifier keys"
"ロールをまとめて設定","Set rolls"
"プロポーショナル編集","Proportional edit"
"隠している部分を削除","Remove hiding"
"テクスチャ スペース","Texture space"
"クロスの設定をリンク","Link cloth setting"
"レンダリングにも適用","Apply render"
"非選択物の選択を制限","Limit select to non-selected"
"複製元のベベルを削除","Delete original bevel object"
"新しい頂点グループに","To new vertex group"
"ウェイト0.0は削除","Remove weight of 0.0"
"全ての選択不可を解除","Unlock all unselect"
"ボーン名の連番を削除","Remove bone name serial number"
"剛体コンストレイント","Rigid constraints"
"関係で選択 (拡張)","Select by relation (Extra)"
"メッシュの特徴で選択","Select characteristics of mesh"
"ボーンの末端まで選択","Select end of bone"
"ボーンの根本まで選択","Select root of bone"
"ボーン名に文字列を追加","Add text bone name"
"軸設定を他の軸にコピー","Copy axis-setting to other axis"
"全ボーンレイヤーを表示","View all bone layer"
"まとめてUVをリネーム","Altogether rename UV"
"全ての選択したメッシュ","All selected mesh"
"頂点色数が1つ以下です","Vertex color is less than one"
"全キーフレームを大掃除","Cleaning up all keyframes"
"全ての画像を再読み込み","Reload all images"
"UVグリッドを新規作成","New UV grid"
"外部エディター(拡張)","External editor (Extra)"
"分離している頂点を選択","Select vertex isolated"
"ボーンｺﾝｽﾄﾚｲﾝﾄ","Bone constraints"
"頂点グループごとに分離","Isolate by vertex groups"
"レンダースロットを設定","Set render slot"
"動画クリップエディター","Video Clip Editor"
"Pythonコンソール","Python console"
"空の頂点グループを削除","Delete empty vertex groups"
"オブジェクト名をコピー","Copy object name"
"剛体ワールドを作り直す","Recreate RigidBody World"
"無効なテクスチャを削除","Remove invalid texture"
"アクティブなUVを使う","Use Active UV"
"2Dビューボタンリスト","2D view buttons list"
"オブジェクト非モーダル","Object non-modal"
"3Dビュー回転モーダル","3D view rotation modal"
"3Dビュー移動モーダル","3D view mobile modal"
"シーケンサープレビュー","Sequencer preview"
"BackSpaceキー","BackSpace key"
"Shiftを修飾キーに","Shift key is modifier"
"  ショートカット操作","  ShortcutKeys"
"画像エディター: 拡張","Image Editor: Advance"
"ボーン名をまとめて設定","Set bone names"
"確認無しでボーンを削除","Delete bone without confirm"
"一番上のシェイプを選択","Select shape at top"
"オブジェクト名を同じに","Sync object name"
"空のUVマップをリンク","Link empty UV map"
"オブジェクト対話モード","object modes"
"位置/回転/拡縮を適用","Apply Location/Rotation/Scale"
"ウェイト全削除してから","Befere delete all weights"
"頂点のインデックス番号","Index of vertex"
"頂点グループのクリーン","Clean vertex groups"
"頂点グループを大きさに","Size from vertex group"
"「裏面を非表示」をオン","On Backface Culling"
"親子関係のメニューです","Parent/Child menu"
"新頂点グループ名の末尾","End of new vertex group name"
"カスタムシェイプを作成","Create CustomShape"
"作成するオブジェクト名","Name of create object"
"スローペアレントを設定","Set SlowParent"
"スローペアレントの強度","SlowParent strength"
"ボーンにドライバを追加","Add driver to bone"
"X=0の頂点を選択する","Select vertex of X=0"
"基準サイズ オフセット","Standard size offset"
"面のあるメッシュを選択","Select face exist mesh"
"辺のみのメッシュを選択","Select edge only mesh"
"同じ名前のボーンを選択","Select bone of same name"
"ボーンとその経路を選択","Select bone and path"
"カーソル → 視点位置","Cursor => View Positon"
"シェーディング切り替え","Shading Switch"
"バウンディングボックス","Bounding box"
"レイヤーのパイメニュー","Layer Pie Menu"
"ノード使用中なので不可","Impossible, Because nodes used"
"クイック編集 (拡張)","Quick Edit (Advance)"
"モディファイア使用を同期","Sync modifiers use"
"レンダリング → ビュー","Rendering => view"
"ビュー → レンダリング","View => Rendering"
"モディファイア適用+統合","Apply modifiers + join"
"ブーリアン関係の操作です","Boolean operations"
"画像パスが見つかりません","Cannot find image path"
"カーソルの位置をリセット","Reset cursor position"
"最新の自動保存の読み込み","Load last AutoSave"
"選択中のオブジェクトのみ","Only selected object"
"レンダリングサイズ(%)","Render size (%)"
"細分化レベル オフセット","Subdivision-level offset"
"全サブサーフ細分化レベル","All Subsurf levels"
"FreeStyleの使用","Use FreeStyle"
"マテリアルスロット全削除","Remove all material slots"
"ﾉｰﾄﾞ使用済の場合のみ","Only used nodes"
"オブジェクト指定もコピー","Copy object targeted"
"プロパティタブを切り替え","Switch properties tab"
"画像が指定されていません","Image is not specified"
"ウェイトペイント頂点選択","Select weight painting vertex"
"アニメーションチャンネル","Animation Channel"
"3Dビューフライモーダル","3D view fly modal"
"3Dビューズームモーダル","3D views zoom modal"
"3Dビュードリーモーダル","3D Bewdley modal"
"ファイルブラウザーメイン","File browser main"
"ファイルブラウザーボタン","File browser button"
"クリップグラフエディター","Clip graph editor"
"選択ボーンをミラーリング","Select bones mirroring"
"ボーン名を正規表現で置換","Replace bone names by regular expression"
"選択しているパーツを隠す","Hide selected parts"
"構造的に分離したパーツで","Isolated parts"
"隠すオブジェクトのタイプ","Hide object type"
"残すオブジェクトのタイプ","Extract object type"
"最初に頂点グループ全削除","Delete all vertex groups first"
"頂点にメタボールをフック","Hook metaballs"
"の真似をするアーマチュア"," armature imitate"
"すべての選択制限をクリア","Clear all selected limits"
"オプションの値が不正です","Option value is invalid"
"オブジェクトモードに入る","Enter object mode"
"剛体コンストレイント表示","Show RigidConstraints"
"頂点のみのメッシュを選択","Select only vertices of mesh"
"連番の付いたボーンを選択","Select numbered bone"
"対称のボーンへ選択を移動","Symmetrical bones move select"
"メッシュに視点をスナップ","Snap view to mesh"
"アーマチュア関係の操作です","Armatures"
"まとめて指定名のUVを削除","Delete UVs specify name"
"」のUV指定を修正しました","] target UV fixed"
"画像の変形処理メニューです","Image transform menu"
"最後に使ったファイルを開く","Open last used file"
"ｳｨﾝﾄﾞｳﾏﾈｰｼﾞｬｰ","Window manager"
"の画像が指定されていません","of image is not specified"
"全体処理(使用には注意を)","All Manage (use care)"
"エディタータイプ(その他)","Editor type (other)"
"ビデオシーケンスエディター","Video Sequence Editor"
"空のマテリアルスロット削除","Remove empty material slots"
"オブジェクト名をデータ名に","Object name to data name"
"データ名をオブジェクト名に","Data name to object name"
"ユーザー設定タブを切り替え","Switch user prefences tab"
"ショートカット検索をクリア","Clear search shortcuts"
"キーコンフィグを全て閉じる","Close all key configs"
"ナイフツールモーダルマップ","Knife modal map"
"ペイントストロークモーダル","Paint stroke modal"
"3Dビューウォークモーダル","3D view walk modal"
"カーブボーンをまとめて設定","Set curve bones"
"IKのチェーンの長さを設定","Set length of IK chain"
"選択モードと同じ要素を削除","Remove same element to selection mode"
"選択していないパーツを隠す","Hide unselected parts"
"クイック・シュリンクラップ","Quick Shrinkwrap"
"同タイプのオブジェクトのみ","Only objects of same type"
"アーマチュアの動きをリンク","Link motion of armature"
"ソフトボディの設定をリンク","Link softbody setting"
"最高描画タイプを設定します","Set maximum drawing type"
"ボーン名を頂点グループ名に","Bone name to vertex group name"
"選択物のレンダリングを制限","Limit rendering selected"
"選択物のレンダリングを許可","Allow rendering selected"
"剛体コンストレイントサイズ","RigidConstraints size"
"コンストレイントの回転制限","Constraints rotation limit"
"頂点すら無いメッシュを選択","Select mesh even non vertex"
"視点位置に3Dカーソル移動","3D cursor to view"
"カーソル → メッシュ表面","Cursor => Mesh surface"
"視点と3Dカーソルを原点に","3D cursor with viewpoint at origin"
"プレビュー → レンダリング","Preview => Rendering"
"レンダリング → プレビュー","Rendering => Preview"
"クイック配列複製+カーブ変形","Quick Array + Curve Transform"
"モディファイア関係の操作です","Modifiers"
"画像名を使用するファイル名に","Image name from file name"
"画像ファイル名が元と同じです","image file name is same as original"
"アクティブな画像をぼかします","Blur active image"
"アクティブな画像を複製します","Duplicate active image"
"Blenderを再起動します","Restart Blender"
"リネームするデータにチェック","Check rename data"
"レンダリングサイズ (現在:","RenderSize (Now:"
"アンチエイリアス サンプル数","Anti-aliasing samples"
"エディタータイプを変更します","Change editor type"
"UIの英語・日本語 切り替え","Switch UI English/Japanese"
"テクスチャスロットを全て空に","Clear all texture slots"
"3Dビュージェスチャサークル","3D Burgess Cha circle"
"IKのポールターゲットを設定","Set pole target of IK"
"ボーンを確認無しで削除します","Remove bones without confirm"
"メッシュ選択モードの切り替え","Switch mesh select mode"
"オブジェクト対話モードを設定","Set object modes"
"スムーズ/フラットを切り替え","Toggle Smooth/Flat"
"選択しているものを選択不可に","Selected to Unselectible"
"ウェイトコピー用オブジェクト","Object for weight copy"
"同じ名前のオブジェクトを選択","Select object same name"
"名前が対称のボーンを追加選択","Select add name symmetrical bone"
"シェーディングを切り替えます","Toggle shading"
"選択部分を表示 (非ズーム)","Show selected (non-zoom)"
"アクティブテクスチャスロット","Active texture slot"
"レンダリング時の細分化数を設定","Set number of subdivision when rendering"
"サブサーフェイス関係の操作です","Subsurface Operations"
"アクティブな画像を正規化します","Normalize active image"
"画像をぼかす (重いので注意)","Blur image (Note heavy)"
"外部エディターで編集 (拡張)","Edit by external editor (Advance)"
"パネル表示切り替え(モードA)","Toggle Panel (mode A)"
"パネル表示切り替え(モードB)","Toggle Panel (mode B)"
"パネル表示切り替え(モードC)","Toggle Panel (mode C)"
"カーソルの位置をリセットします","Reset cursor position"
"全ての最高描画タイプを一括設定","Set all maximum drawing type"
"全てのバンプマップの品質を設定","Set all bump of quality"
"全画像を一括処理する機能群です","Set all image setting"
"割り当てのないマテリアルを削除","Delete non-assignment material"
"個の頂点グループを削除しました"," removed vertex groups"
"現在のタブが予期せぬ設定値です","Unexpected tab now"
"バックグラウンドでレンダリング","Background Rendering"
"トランスフォームモーダルマップ","Transform modal map"
"クリップドープシートエディター","Clip Deepseat Editor"
"非表示","Hide"
"両方表示","Double Sided"
"プロパティのみ","Only properties"
"ツールシェルフ","Tool Shelf"
"パネル切り替え","Panel switch"
"ツールシェルフのみ","Only tool shelf"
"パネル切り替えのパイメニュー","Switch panel pie menu"
"展開中の割り当てが存在しません","Unfolding assignment does not exist"
"反対位置にあるボーンをリネーム","Rename bone symmetry position"
"選択頂点の頂点カラーを塗り潰す","Paint out selected vertex color"
"ケージの表示のみオンにしました","On only cage view"
"ミラーモディファイアを切り替え","Toggle Mirror modifiers"
"別オブジェクトに分離 (拡張)","Separate (Advance)"
"選択物 (分離側をアクティブ)","Selected (Activate isolated-side)"
"選択部を複製/新オブジェクトに","Duplicate Selected parts and to new object"
"オブジェクトの表示設定を同じに","Make same objects display setting"
"割り当ての無い頂点グループ削除","Delete no-assignment vertex group"
"全頂点の平均ウェイトで塗り潰す","Fill average weight of all vertices"
"オブジェクト名を正規表現で置換","Replace object names by regular expression"
"ベベルオブジェクトを断面に移動","Bevel object move section"
"無い場合コンストレイントを追加","If not add constraints"
"ウェイトコピー用メッシュを作成","Create mesh for weight copy"
"ボーン名をクリップボードにコピー","Bone name to Clipboard"
"このボーングループのボーンを表示","Show bone in bone group"
"モディファイアが1つもありません","None modifiers"
"モディファイア名を自動でリネーム","Auto rename modifier names"
"シェイプキー名をオブジェクト名に","Shape key name from object name"
"アクティブな画像が見つかりません","Active image not found"
"アクティブな画像をリサイズします","Resize active image"
"全ての「すべての辺を表示」をオン","All on "Draw All Edges""
"アクティブマテリアルがありません","None active material"
"全データを一括処理する機能群です","All data processing functions"
"「ブックマーク」をテキストで開く","Open text "Bookmarks""
"レンダリングの簡略化設定をします","Simplify rendering settings"
"ウィンドウ関係のパイメニューです","Window pie menus"
"一番上のシェイプキーを選択します","Select top shape key"
"一番下のシェイプキーを選択します","Select bottom shape key"
"シェーダーノードで実行して下さい","Please run shader nodes"
"剛体コンストレイント設定をコピー","Copy rigidbody constraints settings"
"剛体コンストレイントの制限を反転","Invert rigidbody constraints limits"
"プロパティエリアが見つかりません","Cannot find properties area"
"画像をUV/画像エディターに表示","Show image UV/Image editor"
"ボーン名置換「XXX_R => 右XXX」","Replace bone name "XXX_R => 右XXX""
"ボーン名置換「右XXX => XXX_R」","Replace bone name "右XXX => XXX_R""
"ボーン名をクリップボードにコピーします","To Clipboard copies bone name"
"アクティブなボーン名を左右反転します","bone name Active Flip"
"名前に変化がありません、失敗しました","No name change failed,"
"アクティブなボーン名に文字列を追加します","Adds string to active bone name"
"アクティブなボーンのIK設定を、他の選択ボーンにコピーします","Copies of other selected bone IK settings Active"
"このボーンのIK設定の最小角と最大角を反転させます","Reverses minimum and maximum angle of IK setup this bone"
"1つの軸の設定を、他の軸にコピーします","Copy other axis on one axis"
"アクティブなボーンの変形情報を、他の選択ボーンにコピーします","Copy selected bones of other active bone deformation information"
"このボーングループのボーンのみ表示","Show only bone bones group"
"アクティブなボーングループのみを表示し、その他のボーンを隠します","Group active on bones and bones of other hide"
"アクティブなボーングループを表示、もしくは隠します","Active bone group show or hide"
"アクティブカーブオブジェクトに指定されているテーパーオブジェクトを、他の選択カーブオブジェクトにコピーします","Tapered object that is specified in active curve object copies to other selection curves"
"アクティブカーブオブジェクトに指定されているベベルオブジェクトを、他の選択カーブオブジェクトにコピーします","Bevel object that is specified in active curve object copies to other selection curves"
"テーパーオブジェクトをアクティブに","Tapered object, activate"
"テーパーオブジェクトとして指定されているカーブをアクティブにします","curve is specified as tapered object"
"ベベルオブジェクトをアクティブに","Activate bevel object"
"ベベルオブジェクトとして指定されているカーブをアクティブにします","curve is specified as beveled objects"
"選択オブジェクトの全てのモディファイアを適用します","Applies to all modifiers of selected object"
"選択オブジェクトの全てのモディファイアを削除します","Remove all modifiers of selected object"
"ビューへのモディファイア適用を切り替え","Modifiers apply to view switching"
"選択オブジェクトの全てのモディファイアのビューへの適用を切り替えます","Shows or hides application to view all modifiers of selected object"
"ビューにモディファイアを適用しました","Applying modifiers to view"
"ビューへのモディファイア適用を解除しました","Unregistered modifiers apply to view"
"選択オブジェクトのレンダリング時/ビュー時のモディファイア使用を同期します","synchronized modifier used when rendering selection / view"
"全モディファイアの展開/閉じるを切り替え","All modifiers expand / collapse toggle"
"アクティブオブジェクトの全モディファイアを展開/閉じるを切り替え(トグル)します","Expand / collapse all modifiers of active objects to switch (toggle)"
"オブジェクトのモディファイアを全適用してから統合します","integration from object's modifiers to apply all"
"選択オブジェクトのモディファイア名を参照先などの名前にリネームします","Rename selected object modifier name refers to, for example,"
"アクティブオブジェクトにその他選択オブジェクトのブーリアンを追加","Additional Boolean selected objects to an active object"
"アクティブオブジェクトにその他選択オブジェクトのブーリアンを適用","Apply to Boolean objects and other active objects"
"選択したオブジェクトのサブサーフモディファイアのレンダリング時の細分化数を設定します","Sets number of subdivisions during rendering of selected object subsurfmodifaia"
"プレビュー・レンダリングの細分化数を同じに","Equivalent to subdivision of preview rendering"
"選択したオブジェクトのサブサーフモディファイアのプレビュー時とレンダリング時の細分化数を同じに設定します","Set in same subdivision of subsurfmodifaia of selected object when you preview and rendering time"
"選択したオブジェクトのサブサーフモディファイアの最適化表示を設定します","Sets optimization of subsurfmodifaia of selected object"
"選択オブジェクトのサブサーフを削除","Delete objects select Subsurf"
"選択したオブジェクトのサブサーフモディファイアを削除します","Removes selected object subsurfmodifaia"
"選択オブジェクトにサブサーフを追加","Add Subsurf on selected objects"
"選択したオブジェクトにサブサーフモディファイアを追加します","Add subsurfmodifaia to selected object"
"アーマチュアの「体積を維持」をまとめて設定","Keep volume armature together set"
"選択したオブジェクトのアーマチュアモディファイアの「体積を維持」をまとめてオン/オフします","Armtuamodifaia selected objects keep volume together off and on the"
"すばやくカーブモディファイアを適用します","Quickly apply curve modifier"
"メッシュオブジェクトがアクティブな状態で実行して下さい","Please run mesh object is active"
"メッシュ・カーブの2つのみ選択して実行して下さい","By selecting only two meshes, curves, please run"
"カーブオブジェクトも選択状態で実行して下さい","Curve objects run in selected state"
"すばやく配列複製モディファイアとカーブモディファイアを適用します","Quickly apply curve modifier with modifiers array replication"
"シェイプキーの名前をオブジェクト名と同じにします","Same as object name name of shape key"
"全てのボーンレイヤーをオンにして表示します","All bone layer and then displays the"
"選択オブジェクト内の指定UVをまとめて改名します","Renames selected objects within designated UV together"
" はメッシュオブジェクトではありません、無視します"," mesh object, ignore"
"指定した名前と同じ名のUVを、選択オブジェクトから削除します","Removes selection from UV same name as specified"
"アクティブなUVの名前を変更します(テクスチャのUV指定もそれに伴って変更します)","Renames active UV (UV texture also changes accordingly)"
"メッシュオブジェクトではありません","Mesh objects are not"
"アクティブなオブジェクトのマテリアルで未使用なUVを全削除します(他の部分に使われているUVは消してしまいます)","Active object material (UV is used in other parts disappear) delete unused UV coordinates to all"
"はメッシュオブジェクトではありません","A mesh object is not"
"アクティブなオブジェクトのUVを移動して並び替えます","Sorts, by moving active object's UV"
"アクティブなオブジェクトの頂点色を移動して並び替えます","Move vertex color of active objects, sorts"
"アクティブオブジェクトがありません","There is no active object"
"これはメッシュオブジェクトではありません","This is not mesh object"
"アクティブなオブジェクトの頂点色を指定色で塗り潰します","Vertex color of active object with specified color fills"
"選択中のメッシュオブジェクト全てに色と名前を指定して頂点カラーを追加します","Specify color and name all selected mesh object, adds vertex color"
"頂点カラーの操作に関するメニューです","About working with vertex colors menu"
"キーフレームを削除 (確認しない)","Delete keyframes (not verified)"
"選択した全てのキーフレームを確認せずに削除します","Delete without checking all selected keyframes"
"全てのアクションの重複したキーフレームを削除します","Remove keyframe duplicates for all actions"
"アクティブな画像の名前を、使用している外部画像のファイル名にします","External images are using name of active image file name"
"全ての画像名を使用するファイル名に","In file name to use for all image names"
"全ての画像の名前を、使用している外部画像のファイル名にします","names of all images using external image file name"
"外部ファイルを参照している画像データを全て読み込み直します","Reloads all image data referring to external file"
"アクティブな画像を指定した色で全て上書きします","All over colors you specify active image"
"アクティブな画像を指定した色で全て塗り潰します","Fill with color image active all"
"アクティブな画像の透明部分を指定色で塗り潰します","transparent parts of image are active in specified color fills"
"アクティブな画像のファイル名を変更します","Change file name of active image"
"この画像には外部ファイルが存在しません","External file does not exist on this image"
"アクティブな画像を水平方向に反転します","Active image flips horizontally"
"アクティブな画像を垂直方向に反転します","Inverts active image in vertical direction"
"アクティブな画像を90°回転します","Active image rotates 90 °"
"アクティブな画像を180°回転します","Active image rotates 180 °"
"アクティブな画像を270°回転します","Active image rotates 270 degrees"
"ユーザー設定のファイルタブで設定した追加の外部エディターで画像を開きます","Open image in an external editor of additional files page of custom"
"WEBからUVグリッドをダウンロードし、画像として新規作成します","UV grid to download from WEB, and create new images"
"ファイルのダウンロードに失敗しました","Failed to download file"
"アクティブな画像を小さくして並べます","Arrange active image to reduce"
"アクティブな画像に高速なぼかし処理を行います","active image blur fast do"
"ノイズ画像を新規画像として追加します","Add as new picture noise picture"
"アクティブな画像をモノクロにします","black and white image of active"
"アクティブな画像のサイズを変更します","Change size of active image"
"シームによって分離している頂点を選択します","Select vertices are isolated by seam"
"アクティブなUVを新規メッシュに変換します","Converts new mesh to UV active"
"アクティブなオブジェクトが見つかりません","An active object is not found"
"2Dカーソルの位置を左下に移動させます","2D cursor moves to lower-left corner"
"プロパティ/ツールシェルフの「両方表示」/「両方非表示」をトグルします","properties/tool shelf "both display" / "both hide" toggle"
"「パネル両方非表示」→「ツールシェルフのみ表示」→「プロパティのみ表示」→「パネル両方表示」のトグル",""Panel both hide" => show only tool shelf => show only properties => "Panel both display" for toggle"
"「パネル両方非表示」→「ツールシェルフのみ表示」→「プロパティのみ表示」... のトグル",""Panel both hide" => "show only tool shelf => show only properties. toggle"
"ショートカットに登録すると便利かもしれない機能群です","Registering shortcut feature that might come in handy"
"復元するために自動的に保存したファイルの最新ファイルを開きます","Open latest file in order to restore automatically saved file"
"最新の自動保存ファイルを読み込みました","Load last AutoSave file"
"確認メッセージを表示せずに上書き保存します","Save changes without displaying confirmation message"
"先に「名前をつけて保存」して下さい","To save your find"
"「最近使ったファイル」の一番上のファイルを開きます","Opens file at top of "recent files""
"全てのデータを対象にしたリネームが可能です","Rename using all of data is available"
"全てのオブジェクトの「すべての辺を表示」表示設定をオンにします(オフも可能)","Show all sides of all objects (can be off) turn display settings"
"全てのオブジェクトの「最高描画タイプ」を一括で設定します","Best drawing types for all objects in bulk set"
"全てのデータ名をオブジェクト名と同じにする","All data name to same as object name"
"全てのオブジェクトのデータ(メッシュデータなど)の名前を、リンクしているオブジェクト名に置換します","Replaces object name that linked all object data (mesh data, etc.) name"
"全てのマテリアルの「半透明影の受信」をオン","Select Semitransparent Shadow received all material"
"全てのマテリアルの「半透明影を受信するかどうか」についての設定をオン(オフ)にします","You to receive semi-transparent shadow? "about whether all material (off) on the"
"マテリアルのカラーランプ設定を他にコピー","Copy material color ramp settings"
"アクティブなマテリアルのカラーランプ設定を他の全マテリアル(選択オブジェクトのみも可)にコピーします","Color ramp settings of active material is all material other (only selected objects are allowed) to copy"
"アクティブマテリアルのFreeStyle色を他にコピー","FreeStyle color of an active copy to other"
"アクティブなマテリアルのFreeStyleの色設定を他の全マテリアル(選択オブジェクトのみも可)にコピーします","FreeStyle material active color for all materials other (only selected objects are allowed) to copy"
"全マテリアルのFreeStyle色をディフューズ色に","FreeStyle color of all material diffuse color"
"全マテリアル(選択オブジェクトのみも可)のFreeStyleライン色をそのマテリアルのディフューズ色+ブレンドした色に置換します","All material (only selected objects are allowed) for FreeStyle line color of material diffuse color + blend to replace"
"全マテリアルのオブジェクトカラーを有効に","Enable color of all material objects"
"全マテリアルのオブジェクトカラーの設定をオンもしくはオフにします","Sets color of all material objects or off the"
"全てのテクスチャのバンプマップの品質を一括で設定します","Bump-map texture of all quality sets in bulk"
"全テクスチャ名を使用する画像ファイル名に","All image file names using texture name"
"全てのテクスチャの名前を、使用している外部画像のファイル名にします","names of all textures use external image file name"
"UV指定が空欄な場合アクティブUVで埋める","UV is blank if you fill active UV"
"テクスチャのUV指定欄が空欄の場合、リンクしているメッシュオブジェクトのアクティブなUV名で埋めます","Under active UV texture UV specified fields is linked to an empty mesh object fills"
"物理演算の開始/終了フレームを一括設定","Set start / end frame of physics at once"
"物理演算などの開始/終了フレームを設定する部分にレンダリング開始/終了フレーム数を割り当てます","Assign render start / end frames portions to set start / end frames, such as physics"
"全オブジェクトを一括処理する機能群です","Is set of batch processing all objects and features"
"全マテリアルを一括処理する機能群です","Is all material processing functions"
"全テクスチャを一括処理する機能群です","All is set of batch processing and texture feature"
"物理演算関係のデータを一括処理する機能群です","Is relationship between physical operation of data processing functions"
"全ての画像をtexturesフォルダに保存し直す","Resave textures folder, all images"
"外部ファイルを参照している画像データを全てtexturesフォルダに保存し直します","All external files referenced by image data to resave textures folder"
"texturesフォルダに保存し直しました","fixed and stored in textures folder"
"texturesフォルダ内の未使用ファイルを隔離","isolate unused files in textures folder"
"このBlendファイルのあるフォルダのtextures内で、使用していないファイルをbackupフォルダに隔離します","Files in textures folder with Blend files, do not use isolates them in backup folder"
"「最近使ったファイル」をテキストで開く","Open text in "recent files""
"「最近使ったファイル」をBlenderのテキストエディタで開きます","Open "recent files" in Blender text editor"
"ファイルブラウザのブックマークをBlenderのテキストエディタで開きます","Blender text editor open file browser bookmarks"
"四角ポリゴンのみで構成された球体メッシュを追加します","Add sphere mesh is composed only of quadrilateral polygon"
"1頂点のみのメッシュオブジェクトを3Dカーソルの位置に追加します","Only 1 vertex meshes 3D adds to position of cursor"
"頂点グループの適用されている部分ごとに分離したメッシュ群を作成します","Create separate each part of vertex groups applied mesh group"
"設定解像度の何パーセントの大きさでレンダリングするか設定します","Set to be rendered settings resolution percentage?"
"レンダリング結果を保存するスロットを設定します","Sets slot to save rendering results"
"レンダリングに使用するCPUのスレッド数を切り替えます","Toggles thread number of CPUS used to render"
"レンダリング時のサブサーフレベルをまとめて設定","Set Subsurf levels during rendering"
"レンダリング時に適用するサブサーフの細分化レベルをまとめて設定します","Together sets granularity of Subsurf applied during rendering"
"レンダリング時のサブサーフレベルをプレビュー値と同期","Sync preview value when rendering Subsurf levels"
"全オブジェクトのレンダリング時に適用するサブサーフの細分化レベルを、プレビューでのレベルへと設定します","Granularity of Subsurf apply when rendering entire object sets level in preview"
"レンダリング結果を保存するスロットを変更します","Change slot to save rendering results"
"シェーディングのオン/オフをします","shading on/off"
"全オブジェクトのサブサーフ細分化レベルをまとめて設定します","Setting Subsurf subdivision level of all objects at once"
"レンダースロット (現在:スロット","Render slots (slot:"
"エディタータイプ変更のパイメニューです","Change editor type pie menu is"
"エディタータイプ(アニメーション)","Editor type (animation)"
"エディタータイプ(アニメーション関係)変更のパイメニューです","Is pie menu change editor type (animation related)"
"エディタータイプ(その他)変更のパイメニューです","Is pie menu change editor type (other)"
"インターフェイスの英語と日本語を切り替えます","Switch interface English, Japan,"
"面に一つも割り当てられてないマテリアルを全て削除します","Delete all one assigned to surface material"
"このオブジェクトのマテリアルスロットを全て削除します","Delete all material slots for this object"
"このオブジェクトのマテリアルが割り当てられていないマテリアルスロットを全て削除します","Delete all material of this object has not been assigned material slots"
"メッシュの裏側が透明になるようにシェーダーノードを設定します","Sets shader nodes transparently mesh back"
"アクティブなマテリアルスロットを一番上に移動させます","Active material slots on top moves"
"アクティブなマテリアルスロットを一番下に移動させます","Move active material slot at bottom"
"アクティブなシェイプキーを複製します","Duplicate active shape key"
"全てのシェイプにキーフレームを打つ","Hit keyframes of all shapes"
"現在のフレームに、全てのシェイプのキーフレームを挿入します","Inserts keyframe for all shapes on current frame"
"現在の形状を保持して全シェイプ削除","Remove all shape and holds shape of current"
"現在のメッシュの形状を保持しながら全シェイプキーを削除します","Remove all shape key while maintaining shape of current mesh"
"同名のシェイプキー同士をドライバでリンク","Shape key together with same name in driver link"
"他の選択オブジェクトのシェイプキーの動作を、アクティブなオブジェクトにドライバでリンクします","Behavior of selection of other shape key drivers link active object"
"不足シェイプを追加","Add missing shape"
"メッシュにウェイトが割り当てられていない頂点グループを削除します","Remove weights assigned to mesh vertex groups"
"ミラーの対になる空頂点グループを追加","Add empty vertex group versus mirror"
".L .R などミラーの命令規則に従って付けられたボーンの対になる空の新規ボーンを追加します",". L... R, add an empty pair of bones according to mandate rule in Miller's new born"
"頂点グループの一番上の項目を選択します","Select item at top of vertex groups"
"頂点グループの一番下の項目を選択します","Select item at bottom of vertex groups"
"アクティブな頂点グループを一番上へ移動させます","Move to top active vertex groups"
"アクティブな頂点グループを一番下へ移動させます","Move to bottom vertex group active"
"特定文字列が含まれる頂点グループ削除","Delete vertex groups that contain specific text"
"指定した文字列が名前に含まれている頂点グループを全て削除します","Removes all vertex group names contains specified string"
"メッシュオブジェクトで実行して下さい","Try on mesh object"
"このシェーダーノードを他マテリアルにコピー","Copy to other material shader node"
"表示しているシェーダーノードを他のマテリアルにコピーします","Copies of other material shader nodes are displayed"
"オブジェクト名をリンクしているデータ名に設定します","Set data name linked to object name"
"データ名をリンクしているオブジェクト名に設定します","Sets data linked to object name"
"オブジェクト名をクリップボードにコピーします","Copy to Clipboard object name"
"データ名をクリップボードにコピーします","Copies data to Clipboard"
"この表示設定を他の選択オブジェクトにコピーします","Copy selected objects of other display settings"
"アクティブなオブジェクトの剛体設定を、他の選択オブジェクトにコピーします","Copy selected objects of other rigid set of active objects"
"アクティブなオブジェクトの剛体コンストレイント設定を、他の選択オブジェクトにコピーします","Copies selected objects for other rigid constraints on active object"
"剛体コンストレイントの制限を初期化","Initializes rigid constraint limits"
"アクティブなオブジェクトの剛体コンストレイントの制限設定群を初期化します","Initializes rigid constraints of active object limit settings group"
"アクティブなオブジェクトの剛体コンストレイントの制限設定の最小と最大を反転させます","Minimum limit settings of rigid constraints of active object and reverses maximum"
"プロパティのタブを順番に切り替えます","Turn switch Properties tab"
"ベイクに使う新規画像を素早く用意可能です","New images used to bake quickly, is available"
"コマンドラインから現在のblendファイルをレンダリングします","Renders current blend file from command line"
"設定は維持して剛体ワールドを作り直します","Keep setting, recreate rigid world"
"剛体ワールドの開始/終了フレームをセット","Set start / end frames rigid world"
"剛体ワールドの開始/終了フレームをレンダリングの開始/終了フレームへと設定します","Start / end frame rigid world of sets to start / end frame rendering"
"テクスチャ名を使用する画像ファイル名に","Image file names using texture name"
"アクティブなテクスチャの名前を使用している外部画像のファイル名にします","file name of external images using name of active texture"
"画像/動画テクスチャで実行してください","Try image / video textures"
"アクティブなマテリアルの全てのテクスチャスロットを空にします","Empties all active material texture slots"
"アクティブなテクスチャスロットを一番上に移動させます","Move active texture slot at top"
"アクティブなテクスチャスロットを一番下に移動させます","Move active texture slot to bottom"
"無効にしているテクスチャを全て削除します","Removes all textures have turned off"
"空のテクスチャスロットを切り詰める","Cut texture slot empty"
"テクスチャが割り当てられていない空のテクスチャスロットを埋め、切り詰めます","No texture is assigned an empty texture slots will be filled, truncated"
"アクティブなテクスチャスロットより下を、全て削除します","Remove all active texture slot below"
"テクスチャ画像をUV/画像エディターに表示","Texture images show in UV / image editor"
"アクティブなテクスチャに使われている画像を「UV/画像エディター」に表示します","Image is used in active texture shows UV / image editor"
"このテクスチャでテクスチャペイント","This texture is texture paint"
"アクティブなテクスチャでテクスチャペイントを行います","Active texture provides texture paint"
"メッシュのアクティブなUVを、このスロットで使います","Active UV mesh used in this slot"
"ユーザー設定のファイルタブで設定した外部エディターでテキストを開きます","Open text in an external editor you set on files page of custom"
"画面の一番下までスクロールします","Scroll to bottom of screen"
"ユーザー設定のタブを順番に切り替えます","Cycles user settings tab"
"設定したキーバインドに一致する割り当てを検索します","Find matching key bindings you set assignment"
"検索するキーが空です、設定してください","Set search key is empty"
"ショートカット検索に使用した文字列を削除します","Remove string used to search for shortcuts"
"キーコンフィグのメニューを全て折りたたみます","Collapses all game menu"
"ショートカット一覧をブラウザで閲覧","View in browser shortcut list"
"Blenderの全てのショートカットをブラウザで確認出来ます","Can confirm Blender all shortcuts in browser"
"最後のコマンドをショートカットに登録","last command create shortcut"
"最後に実行したコマンドをショートカットに登録します","Last command create shortcut"
"グリースペンシルストローク編集モード","Grease pencil stroke edit mode"
"ショートカットを登録しました、必要であれば「ユーザー設定の保存」をしてください","Please save user settings, shortcuts, register if you"
"最後に実行したコマンドが見つかりません","Last command not found"
"対応していないタイプのコマンドです","Command type not supported"
"登録出来るコマンドが見つかりませんでした","Could not find command can register"
"割り当ての無いショートカット一覧","Without assigning shortcut list"
"現在の編集モードでの割り当ての無いキーを「情報」エリアに表示します","Information area shows key assignments in current editing mode without"
"モードでは、以下の割り当てが空いています","Free mode, assign following"
"キーコンフィグをXMLでインポート","Import XML in game"
"キーコンフィグをXML形式で読み込みます","game reads in XML format"
"XMLファイルの読み込みに失敗しました","Failed to load XML file"
"このファイルはBlenderキーコンフィグXMLファイルではありません","This file is not Blender game XML file"
"このBlenderキーコンフィグXMLファイルのバージョンには対応していません","Does not correspond to version of Blender game XML file"
"BlenderキーコンフィグXMLファイルのバージョンを確認できませんでした","Could not determine version of Blender game XML file"
"キーコンフィグをXMLでエクスポート","Export XML in game"
"キーコンフィグをXML形式で保存します","Game save in XML format"
"展開しているキー割り当てのカテゴリを移動","Move key assignments that expand categories"
"展開しているキー割り当てを、他のカテゴリに移動します","Move key assignments that expand into other categories"
"1つのみ割り当てを展開した状態で実行してください","Try only one expansion assignments in the"
"Blender-Scramble-Addonを更新","Update Blender-Scramble-Addon"
"Blender-Scramble-Addonをダウンロード・更新を済ませます","Downloads, updates and check out Blender-Scramble-Addon"
"アドオンを更新しました、Blenderを再起動して下さい","Please restart Blender updated add-ons"
"「追加項目のオン/オフ」の表示切り替え","Toggle on/off additional items"
"ScrambleAddonによるメニューの末尾の「追加項目のオン/オフ」ボタンの表示/非表示を切り替えます","Show or hide turn on/off additional items button at end of menu by ScrambleAddon"
"ショートカットに関係する操作のメニューです","Operations related to shortcut menu"
"クリップボードのコマンドをショートカットに登録","Clipboard command create shortcut"
"Scramble Addonに関係する操作のメニューです","Operations involving scramble Addon menu"
".blendファイルをこのバージョンに関連付け",".blend file associated with this version"
".blendファイルをこのBlender実行ファイルに関連付けます (WindowsOSのみ)","(WindowsOS only) associated with Blender running file.blend file"
".blendファイルをこの実行ファイルに関連付けました","executable file associated with a.blend file"
"バックアップをこのバージョンに関連付け","Backup with this version"
".blend1 .blend2 などのバックアップファイルをこのBlender実行ファイルに関連付けます (WindowsOSのみ)","associates with Blender running file backup file, such as.blend1.blend2 (WindowsOS only)"
".blend1～.blendN まで","by.blend1~.blendN"
"バックアップファイルをこの実行ファイルに関連付けました","executable file associated with backup file"
"関連付け (Windowsのみ)","Association (Windows only)"
"選択中のボーンを任意の軸でミラーリングします","Mirrored at any axes selected bone"
"エディトモードで実行してください","Please perform in edit mode"
"アーマチュアオブジェクトではありません","Not an armature object"
"アクティブボーンの名前をクリップボードにコピーします","Copies Clipboard name of active bone"
"(選択中の)ボーン名を正規表現に一致する部分で置換します","In bone name (of choice) to match regular expression replace"
"選択中ボーンのX軸反対側の位置にあるボーンを「○.R ○.L」のように対にします","Bone is located opposite X axis selection in bone "1.R longs 1.L ' of so versus the"
"選択中のボーンの名前をまとめて設定します","name of selected bone sets together"
"選択中のボーンのカーブボーン設定をします","Bones of selected curve born sets"
"選択中のボーンのロールを設定します","Sets selected bone roll"
"アクティブのIK設定(回転制限等)をコピー","Copy of active IK settings (rotation limits, etc.)"
"アクティブなボーンのIK設定(回転制限など)を他の選択ボーンにコピーします","Copies to other selected bone bone active IK settings (rotation limits, etc)"
"アクティブなボーンのIKのポールターゲットを第二選択ボーンに設定します","Chose second Paul target of active bone IK bones sets"
"ボーンを二つ選択して実行してください","Select two different bones and try"
"アクティブボーンにIKコンストレイントがありません","IK has no active bone"
"アクティブなボーンのIKのチェーンの長さを第二選択ボーンへの長さへと設定します","Chose second length of active bone IK chain to length to bones and set the"
"上手くチェーン数を取得出来ませんでした","Could not get chain well"
"ボーンをそのまま3Dカーソルの位置へ","Bones intact to position of 3D cursor"
"相対的なボーンの尾(根本でも可)の位置をそのままに、ボーンを3Dカーソルの位置へ移動させます","Position of relative born tail (even root), bone, 3 D move cursor position"
"メッシュ選択モードを頂点→辺→面…と切り替えます","Mesh selection mode => top => side surface. Switch and"
"メッシュの選択のパイメニューです","Is pie menu selection of mesh"
"プロポーショナル編集のパイメニューです","Is pie menu proportional edit"
"プロポーショナル編集のモードを設定","Set proportional editing modes"
"プロポーショナル編集のモードを設定します","Set proportional editing modes"
"メッシュ編集に関するパイメニューです","Is pie on mesh editing"
"ショートカットに登録すると便利そうな機能群です","Looks useful functions is to register shortcut"
"現在のメッシュ選択モードと同じ要素(頂点・辺・面)を削除します","Same mesh selection mode of current element (vertex and side and side) remove"
"隠している状態のメッシュを全て削除します","Delete all are mesh"
"表示状態と非表示状態を反転させます","Flip display and non-display state"
"メッシュオブジェクトがアクティブな状態で実行してください","Running on mesh object is active"
"選択状態の頂点のみを隠して固定します","To hide selected vertices,"
"1頂点以上を選択しているメッシュパーツを隠します","Hides mesh part has selected more than one top"
"選択中の頂点のアクティブ頂点カラーを指定色で塗り潰します","Active vertex colors for selected vertices with specified color fills"
"リストの一番上にあるシェイプキーを選択します","Schipke is at top of list, select"
"編集ケージへのモディファイア適用を切り替え","Transition modifiers apply to editing cage"
"編集中のメッシュケージにモディファイアを適用するかを切り替えます","Toggles whether to apply modifiers to total en bloc spondylectomy in editing"
"ケージの表示/適応を両方オフにしました","Display / adaptation of cage both have been cleared"
"ケージの表示/適応を両方オンにしました","Show cage / adaptation, both turned"
"ミラーモディファイアが無ければ追加、有れば削除します","Delete if not Miller modifier added, Yes"
"選択頂点を平均ウェイトで塗り潰す","Fill selected vertices in average weighted"
"選択頂点のウェイトの平均で、選択頂点を塗り潰します","Fills selected vertex, vertices weighted average"
"「別オブジェクトに分離」の拡張メニューを呼び出します","Isolate to another object of call extended menu"
"「選択物で分離」した後に分離した側のエディトモードに入ります","After "in choice of separation" enters edit mode for separation side"
"選択部分を複製・分離し新オブジェクトにしてからエディトモードに入ります","Enters edit mode, replication and selection to new object from"
"もう1つの選択メッシュに、選択頂点をぺったりとくっつけます","Another one you mesh selected vertices pettanko!, glue"
"1つ以上は頂点を選択して実行して下さい","One run, select vertex more than"
"「別オブジェクトに分離」の拡張メニューです","Isolate to another object of extended menu"
"他の選択オブジェクトにアクティブオブジェクトの名前をリンクします","Link name of active object to other selected objects"
"他の選択オブジェクトにアクティブオブジェクトのレイヤーをリンクします","link active object layers to other selected objects"
"他の選択オブジェクトにアクティブオブジェクトの表示パネルの設定をコピーします","Copy settings panel of active object to other selected objects"
"他の選択オブジェクトにアクティブオブジェクトのUVを空にして追加します","Empty, add UV active objects to other selected objects"
"コンストレイントによって、他の選択アーマチュアにアクティブアーマチュアの動きを真似させます","By constraints on other selected armature mimic active armature movement"
"アクティブオブジェクトのソフトボディの設定を、他の選択オブジェクトにコピーします","Sets active object soft copies to other selected objects"
"アクティブオブジェクトのクロスシミュレーション設定を、他の選択オブジェクトにコピーします","Cloth simulation for active object copies to other selected objects"
"アクティブオブジェクトの変形情報を、他の選択オブジェクトにコピーします","Information of active object copies to other selected objects"
"オブジェクトの変形情報をリンクします","Links to information about transform objects"
"オブジェクトに関するコピーのパイメニューです","Pie object copy is"
"オブジェクト対話モードのパイメニューです","Is pie menu objects in interactive mode"
"オブジェクトの対話モードを設定します","Sets interactive mode of object"
" はその対話モードに入る事が出来ません"," Is able to enter interactive mode"
"アクティブなオブジェクトがありません","There is no active object"
"サブサーフのレベルを設定するパイメニューです","Is pie menu to set Subsurf levels"
"最高描画タイプを設定するパイメニューです","Is pie menu to set up drawing type"
"削除する時の確認メッセージを表示せずにオブジェクトを削除します","Deletes object without displaying confirmation message when deleting"
"オブジェクト操作に関するパイメニューです","Is pie on object action menu"
"オブジェクトの位置/回転/拡縮を適用します","Applies to object position / rotation / Pan"
"オブジェクトの表示状態と非表示状態を反転させます","Flips object's view state and non-State"
"特定の種類のオブジェクトのみを隠す","Hide only specific types of objects"
"表示されている特定タイプのオブジェクトを隠します","Hides object of specific type are displayed"
"特定の種類のオブジェクト以外を隠す","Non-specific types of objects to hide"
"表示されている特定タイプのオブジェクト以外を隠します","Hides object non-specific type that is displayed"
"他の選択中のメッシュからアクティブにウェイトペイントを転送します","From mesh during selection of other active forwarding weight paint"
"選択中のメッシュオブジェクトのスムーズ/フラット状態を切り替えます","Toggles selected mesh object smooth / flat state"
"メッシュオブジェクトをアクティブにしてから実行して下さい","Try mesh object to activate it"
"メッシュオブジェクトをフラットにしました","Have flat mesh object"
"メッシュオブジェクトをスムーズにしました","Mesh objects smoothly"
"アクティブなメッシュに他の選択メッシュの頂点グループを転送します","Transfers to other selected mesh vertex group active mesh"
"メッシュオブジェクトを2つ以上選択した状態で実行して下さい","Please run selected mesh object to two or more"
"全てのウェイトの平均で、全ての頂点を塗り潰します","In average weight of all, fills all vertices"
"選択中のメッシュオブジェクトの頂点部分に新規メタボールを張り付かせます","Have made new metaballs to vertices of selected mesh object"
"グリースペンシルにメタボール配置","Grease pencil to metaballs"
"アクティブなグリースペンシルに沿ってメタボールを配置します","metaballs align with active grease pencil"
"グリースペンシルレイヤーが存在しません","Grespencillayer does not exist"
"メッシュの変形を真似するアーマチュアを作成","Creating an armature to mimic mesh deformation"
"アクティブメッシュオブジェクトの変形に追従するアーマチュアを新規作成します","Creates new armature to follow active mesh objects"
"はメッシュオブジェクトではないので無視します","mesh object ignored"
"頂点グループがある頂点位置にボーン作成","Create bone vertices where vertex groups"
"選択オブジェクトの頂点グループが割り当てられている頂点位置に、その頂点グループ名のボーンを作成します","Create vertex group names bone vertices where vertex group of selected objects that are assigned"
"はメッシュオブジェクトではありません、無視します","A mesh object, ignore"
"には頂点グループがありません、無視します","To ignore missing vertex groups"
"厚み付けモディファイアで輪郭線生成","Contour line generation in thickness with modifiers"
"選択オブジェクトに「厚み付けモディファイア」による輪郭描画を追加します","Add to thicken modiﬁ contour drawing selection"
"1つ以上のメッシュオブジェクトを選択した状態で実行して下さい","Please run selected mesh object for one or more"
"にマテリアルが割り当てられていないので無視します","To ignore because material is not assigned"
"選択中のオブジェクトをレンダリングしない設定にします","setting does not render selected object"
"レンダリングするかを「表示/非表示」に同期","Or to render "show / hide" to sync"
"現在のレイヤー内のオブジェクトをレンダリングするかどうかを表示/非表示の状態と同期します","Synchronize display / hide status and whether or not to render objects in current layer"
"全てのオブジェクトの選択不可設定を解除します(逆も可)","Removes all non-select settings (vice versa)"
"選択物以外のオブジェクトを選択出来なくします","Cannot select object other than selection of"
"選択中のオブジェクトを選択出来なくします","Can't select selected object"
"選択中のオブジェクトの名前を正規表現で置換します","Name of currently selected object replace with regular expressions"
"オブジェクト名とデータ名を同じにする","To same object names and data names"
"選択中のオブジェクトのオブジェクト名とデータ名を同じにします","same object and data names for selected objects"
"オブジェクトカラー有効 + 色設定","Enable object color + color"
"選択オブジェクトのオブジェクトカラーを有効にし、色を設定します","Object color of selected object and sets color,"
"オブジェクトカラー無効 + 色設定","Invalid object color + color settings"
"選択オブジェクトのオブジェクトカラーを無効にし、色を設定します","To disable object color of selected object, sets color"
"モディファイア適用してペアレント作成","Applying modifiers, create parent"
"親オブジェクトのモディファイアを適用してから、親子関係を作成します","Create parent/child relationship after applying modifiers of parent object"
"アクティブがメッシュオブジェクトではありません","Active is not mesh object"
"モディファイア適用後に頂点数が変化してます、望んだ結果じゃないかもしれません","May not count changes after applying modifier to wished result"
"カーブからロープ状のメッシュを作成","Rope-shaped mesh created from curves"
"アクティブなカーブオブジェクトに沿ったロープや蛇のようなメッシュを新規作成します","Creates mesh like rope along curve object is active or snake new"
"カーブに設定されているベベルオブジェクトを選択カーブの断面へと移動させます","Curve beveled objects that move and selection curve section"
"はカーブではありません、無視します","curve, ignore"
"にベベルオブジェクトが設定されていません、無視します","To ignore bevel object has not been set"
"内にカーブデータがありません、無視します","Ignore missing in these curves"
"のセグメント数が少なすぎます、無視します","segment number is too low and ignore the"
"は対応していないタイプのカーブです、無視します","Will ignore is curve type not supported"
"オブジェクトのレンダリング制限関係のメニューです","Menu object rendering limits involved"
"オブジェクトの選択制限関係のメニューです","Menu selection limits relationships between objects"
"オブジェクト名関係のメニューです","Is object name of menu"
"オブジェクトカラー関係のメニューです","Relationship between object color menu"
"モディファイア適用 => +頂点(三角形)","Modifiers apply => + vertex (triangle)"
"特殊な処理をする操作のメニューです","Processing special action menu"
"選択中のボーンと同じ頂点グループのウェイトを合成します","Weight of selected bone and same vertex group merges"
"ボーンを2つ以上選択してから実行して下さい","Please select two or more bones from running"
"選択中のボーンと同じ頂点グループのウェイトを減算します","Subtracts weight of selected bone and same vertex groups"
"オブジェクトが重なっている部分を塗る","Paint objects overlap"
"他の選択オブジェクトと重なっている部分のウェイトを塗ります","I painted weight of portion that overlaps other selected objects"
"アクティブ、もしくは全ての頂点グループをぼかします","Blurs active or all vertex groups"
"IK回転制限をコンストレイント化","Constraints of IK rotation restrictions"
"IKの回転制限設定をコンストレイントの回転制限設定にコピー","Copy rotation constraint restrictions IK rotation restriction settings"
"選択しているボーンを選択不可能にします","Choose bone has selected impossible"
"全ての選択不可設定のボーンを選択可能にします","non-selection of all bone"
"選択ボーンのカスタムシェイプを作成します","Creates choice bone shape"
"一時的にアーマチュアを非表示にしました","Temporarily became hidden armature"
"選択中のボーンのウェイトコピーで使用するメッシュを作成します","Creates mesh to use with copy of selected bone weight"
"チェーン状ボーンをグリースペンシルに沿わせる","Fit chain of bones to grease pencil"
"チェーンの様に繋がった選択ボーンをグリースペンシルに沿わせてポーズを付けます","Select bones linked like chain of threading to grease pencil, pose"
"選択中のボーンにスローペアレントを設定します","Sets selected bone slow parent"
"ボーン名の XXX.R => XXX_R を相互変換","Bone name XXX. R => XXX_R juggling"
"ボーン名の XXX.R => XXX_R を相互変換します","Bone name XXX. R => conversion XXX_R"
"対のボーンにコンストレイントをコピー","Copy constraints vs. Vaughan"
"「X.L」なら「X.R」、「X.R」なら「X.L」の名前のボーンへとコンストレイントをコピーします",""X.L" If "X.R", "X.R" bone "X.L" name copy constraints"
"「X.001」など、連番の付いたボーン名から数字を取り除くのを試みます","Attempts to get rid of numbers from bone with sequential number, such as "X.001""
"選択中の繋がったボーン群に、RigidBodyによる物理演算を設定します","Sets by RigidBody physics led of selected bone set,"
"剛体コンストレイントをシェイプに追尾","Track shape rigid constraints"
"一連の繋がったボーンを選択して実行して下さい","Please run then led series of bones"
"現在のボーンの回転状態を、IKやコンストレイントの回転制限へと設定します","Current bone rotation sets to rotation limit constraints and IK"
"ボーン名に関する機能のメニューです","Feature on bone name menu"
"ボーン名置換「XXX_R => XXX.R」","Filename substitution bone "XXX_R => XXX. R ""
"ボーン名置換「XXX.R => XXX_R」","Bone name replace "XXX. R => XXX_R ""
"特殊な処理に関する機能のメニューです","Handling special functions menu"
"メッシュの右半分を選択します(その他設定も有)","Select right half of mesh (other settings too)"
"サイズで比較してオブジェクトを選択","In size compared to object"
"最大オブジェクトに対して大きい、もしくは小さいオブジェクトを選択します","Select maximum objects larger or smaller objects"
"アクティブなオブジェクトと同じ名前 (X X.001 X.002など) の可視オブジェクトを選択します","Select visible object of active object with same name, such as (X.001 X X.002)"
"同じマテリアル構造のオブジェクトを選択","Select an object of same material"
"アクティブなオブジェクトのマテリアル構造と同じ可視オブジェクトを選択します","Select active object material structure and same visible objects"
"同じモディファイア構造のオブジェクトを選択","Select same modifier structure object"
"アクティブなオブジェクトのモディファイア構造が同じ可視オブジェクトを選択します","Select same modifier of active objects visible objects"
"同じサブサーフレベルのオブジェクトを選択","Select Subsurf levels same object"
"アクティブなオブジェクトのサブサーフレベルが同じ可視オブジェクトを選択します","Select Subsurf levels of active objects have same visible objects"
"同じアーマチュアで変形しているオブジェクトを選択","Select objects that transform in same armature"
"アクティブなオブジェクトと同じアーマチュアで変形している可視オブジェクトを選択します","Select visible objects are transformed in an active object with same armature"
"アクティブオブジェクトにアーマチュアモディファイアがありません","Armtuamodifaia has no active object"
"アクティブオブジェクトより大きい、もしくは小さいオブジェクトを追加選択します","Greater than active object, or select additional small objects"
"面が1つ以上あるメッシュを選択します","Select mesh surface is at least one"
"面が無く、辺のみのメッシュを選択します","Terms, select only side mesh"
"面と辺が無く、頂点のみのメッシュを選択します","Surfaces and edges, select mesh vertices only"
"面と辺と頂点が無い空のメッシュオブジェクトを選択します","Surface and edge and select mesh object vertex is not empty"
"プロパティによってグループ化されたすべての可視オブジェクトを選択します","Select all visible objects grouped by properties"
"可視メッシュオブジェクトを選択する機能のメニューです","Ability to select mesh object visualization menu"
"X.Rを選択中ならX.Lへ選択を変更、X.LならX.Rへ","If you select X.R change selection to X.L, X.L if to X.R"
"同じコンストレイントのボーンを選択","Select bone same constraints"
"アクティブボーンと同じ種類のコンストレイントを持ったボーンを追加選択します","Select additional bone with active bone and same kind of constraint"
"X.Rを選択中ならX.Lも追加選択、X.LならX.Rも選択","If you select X.R X.L also selected X.R X.L you select additional"
"選択ボーンの子 → 子ボーンの子...と最後まで選択していきます","Select bones child-child child's bones. And we will select to end"
"選択ボーンの親 → 親ボーンの親...と最後まで選択していきます","Choice bones parent => parent of parent bone. And we will select to end"
"2つの選択ボーンの経路を選択します","Select select bones of two paths"
"ボーン群の右半分を選択します(その他設定も有り)","Select right half of bone (other settings are also available)"
"カーソル部分のボーンを選択し、そこまでの経路も選択します","Select path to it, select cursor part bone and"
"同じプロパティでまとめた可視ボーンをすべて選択する機能のメニューです","Ability to select all visible bones together with same properties menu"
"メッシュに3Dカーソルをスナップ","3D cursor snap to mesh"
"マウス下のメッシュ面上に3Dカーソルを移動させます(ショートカットに登録してお使い下さい)","(Please use shortcuts) mesh surface under mouse move 3D cursor"
"視点の中心位置に3Dカーソルを移動させます","Move 3D cursor to location of center point of"
"3Dカーソルを非表示に(遥か遠くに)","3D cursor invisible in (distant)"
"3Dカーソルを遥か遠くに移動させて非表示のように見せかけます","Pretend to hide 3D cursor to move far far away"
"カーソル → 非表示 (遠くへ)","Cursor to hide (to)"
"アクティブなUV展開を他のUVからコピーしてきます","Active UV unwrapping can be copied from other UV"
"UV数が2つ以上で実行して下さい","UV number is run in two or more"
"選択部分のアクティブなUV展開を、他のUVからコピーしてきます","Active UV unwrapping of selection can be copied from other UV"
"グローバルビュー/ローカルビュー(非ズーム)","Global / local view (non-zoom)"
"選択したオブジェクトのみを表示し、視点の中央に配置します(ズームはしません)","Displays only selected objects and centered point of view doesn't (zoom)"
"シェーディング切り替え(モードA)","Shading switch (mode A)"
"シェーディングを 「ワイヤーフレーム」→「ソリッド」→「テクスチャ」... と切り替えていきます",""Wireframe", "solid" => "texture" shading... We will switch"
"プリセットビュー(テンキー1,3,7とか)のパイメニューです","Is pie menu of preset views or (NUMPAD 1, 3, 7)"
"シェーディング切り替えパイメニューです","Is shading switch pie"
"レイヤー表示切り替えのパイメニューです","Is pie menu toggle layer visibility"
"切り替えるレイヤーを選択して下さい (+Shiftで追加選択 +Ctrlで半選択 +Altで半選択解除)","Select layer switch (shift + add choice + CTRL semi-selection + ALT half-clear)"
"レイヤーを切り替えます (+Shiftで追加選択 +Ctrlで半選択 +Altで半選択解除)","Shows or hides layer (shift + add choice + CTRL semi-selection + ALT half-clear)"
"パネル表示切り替えのパイメニューです","Is pie menu toggle Panel"
"3Dビュー関係のパイメニューです","Is pie between 3D view"
"選択中の物に3D視点の中心を合わせます(ズームはしません)","Selected ones over center of 3D perspective not (zoom)"
"3Dビューの視点を座標の中心に移動します","3D view perspective moves in center of coordinates"
"マウス下の物を選択し視点の中心にします (Shiftを押しながらで追加選択)","Select object under mouse, in heart of point of view (SHIFT while additional choices)"
"マウス下のメッシュ面上に視点の中心を移動させます(ショートカットに登録してお使い下さい)","(Please use shortcuts) move center point of view mesh surface under mouse"
"現在のビューの逆側へ回りこみます","Orbit to reverse side of current view"
"視点と3Dカーソルの位置を原点(XYZ=0.0)に移動させます","Perspective and 3D cursor position move to starting point (XYZ=0.0)"
"メッシュに視点と3Dカーソルをスナップ","Perspective and 3D cursor snap to mesh"
"マウス下のメッシュ面上に視点と3Dカーソルを移動させます (ショートカットに登録してお使い下さい)","(Please use shortcuts) move viewpoint and 3D cursor mesh surface under mouse"
"選択中の面の法線方向から面を注視します","watch face from selected surface normal direction"
"グループで表示/非表示を切り替え","Toggle show / hide groups"
"所属しているグループで表示/非表示を切り替えます","Switch Show / Hide group has"
"アクティブなテクスチャスロットを塗る","Apply active texture slot"
"アクティブなペイントスロットをアクティブなテクスチャスロットにします","active texture slot slot active paint"
"ユーザー設定のファイルタブで設定した追加の外部エディターでクイック編集を行います","Do quick editing in an external editor of additional files page of custom"
